image_url,id,fingerprint,title,subreddit,created_utc
https://i.imgur.com/1.jpg,t3_100134,expectation vs reality,Expectation vs reality,funny,2025-10-05 04:00:17
https://i.imgur.com/1.jpg,t3_100332,caption this,Caption this,aww,2025-10-12 11:10:30
https://i.imgur.com/1.jpg,t3_100410,expectation vs reality,Expectation vs reality,pics,2025-10-28 03:46:42
https://i.imgur.com/1.jpg,t3_100135,who else remembers this   new caption ,Who else remembers this? (new caption),aww,2025-10-18 18:26:01
https://i.imgur.com/1.jpg,t3_100187,when you finally finish the assignment  ,When you finally finish the assignment ðŸ˜‚,memes,2025-10-22 19:33:09
https://i.imgur.com/10.jpg,t3_100359,caption this  ,Caption this ðŸ˜‚,funny,2025-10-06 17:55:26
https://i.imgur.com/10.jpg,t3_100181,who else remembers this ,Who else remembers this?,pics,2025-10-18 05:30:22
https://i.imgur.com/10.jpg,t3_100327,pov  you open the oven and   ,POV: You open the oven and...,AdviceAnimals,2025-10-22 17:27:50
https://i.imgur.com/12.jpg,t3_100358,when you finally finish the assignment,When you finally finish the assignment,teenagers,2025-10-08 12:21:11
https://i.imgur.com/12.jpg,t3_100010,this cat has better posture than me,This cat has better posture than me,aww,2025-10-20 16:01:21
https://i.imgur.com/13.jpg,t3_100376,expectation vs reality,Expectation vs reality,memes,2025-10-03 11:47:40
https://i.imgur.com/13.jpg,t3_100458,teacher  we will have a quiz,Teacher: we will have a quiz,teenagers,2025-10-09 13:15:45
https://i.imgur.com/13.jpg,t3_100430,that moment when coffee kicks in,That moment when coffee kicks in,memes,2025-10-27 13:03:44
https://i.imgur.com/14.jpg,t3_100381,this cat has better posture than me,This cat has better posture than me,memes,2025-10-22 13:10:52
https://i.imgur.com/14.jpg,t3_100263,teacher  we will have a quiz,Teacher: we will have a quiz,AdviceAnimals,2025-10-25 03:28:24
https://i.imgur.com/15.jpg,t3_100062,no one  absolutely no one   new caption ,No one: Absolutely no one: (new caption),funny,2025-10-03 02:52:25
https://i.imgur.com/15.jpg,t3_100145,no one  absolutely no one ,No one: Absolutely no one:,AdviceAnimals,2025-10-14 21:40:30
https://i.imgur.com/15.jpg,t3_100311,teacher  we will have a quiz,Teacher: we will have a quiz,memes,2025-10-26 21:35:59
https://i.imgur.com/18.jpg,t3_100178,this cat has better posture than me,This cat has better posture than me,teenagers,2025-10-08 04:07:22
https://i.imgur.com/18.jpg,t3_100272,no one  absolutely no one ,No one: Absolutely no one:,aww,2025-10-20 08:23:07
https://i.imgur.com/18.jpg,t3_100036,that moment when coffee kicks in,That moment when coffee kicks in,memes,2025-10-07 19:32:37
https://i.imgur.com/2.jpg,t3_100207,pov  you open the oven and   ,POV: You open the oven and...,memes,2025-10-12 05:41:22
https://i.imgur.com/2.jpg,t3_100456,caption this,Caption this,AdviceAnimals,2025-10-06 04:35:22
https://i.imgur.com/2.jpg,t3_100116,when you finally finish the assignment,When you finally finish the assignment,funny,2025-10-07 12:12:24
https://i.imgur.com/20.jpg,t3_100431,expectation vs reality,Expectation vs reality,aww,2025-10-09 02:52:20
https://i.imgur.com/20.jpg,t3_100136,that moment when coffee kicks in,That moment when coffee kicks in,memes,2025-10-16 20:49:48
https://i.imgur.com/20.jpg,t3_100131,who else remembers this ,Who else remembers this?,pics,2025-10-25 22:34:12
https://i.imgur.com/21.jpg,t3_100109,when you finally finish the assignment,When you finally finish the assignment,AdviceAnimals,2025-10-12 19:40:04
https://i.imgur.com/21.jpg,t3_100284,my starter pack for exams,My starter pack for exams,aww,2025-10-24 16:33:32
https://i.imgur.com/23.jpg,t3_100395,when you finally finish the assignment,When you finally finish the assignment,funny,2025-10-11 14:21:24
https://i.imgur.com/23.jpg,t3_100308,that moment when coffee kicks in,That moment when coffee kicks in,aww,2025-10-30 05:06:57
https://i.imgur.com/24.jpg,t3_100039,no one  absolutely no one ,No one: Absolutely no one:,aww,2025-10-21 05:53:38
https://i.imgur.com/24.jpg,t3_100177,when u finally finish the assignment,When u finally finish the assignment,teenagers,2025-10-22 21:55:15
https://i.imgur.com/25.jpg,t3_100265,who else remembers this ,Who else remembers this?,teenagers,2025-10-18 16:02:52
https://i.imgur.com/25.jpg,t3_100149,expectation vs reality,Expectation vs reality,memes,2025-10-19 20:10:43
https://i.imgur.com/27.jpg,t3_100199,no one  absolutely no one   ,No one: Absolutely no one: ðŸ˜‚,aww,2025-10-08 08:11:50
https://i.imgur.com/27.jpg,t3_100370,no one  absolutely no one ,No one: Absolutely no one:,aww,2025-10-24 08:44:15
https://i.imgur.com/28.jpg,t3_100378,pov  you open the oven and   ,POV: You open the oven and...,AdviceAnimals,2025-10-16 14:32:18
https://i.imgur.com/28.jpg,t3_100260,teacher  we will have a quiz,Teacher: we will have a quiz,memes,2025-10-16 18:30:43
https://i.imgur.com/28.jpg,t3_100347,teacher  we will have a quiz,Teacher: we will have a quiz,pics,2025-10-25 20:22:32
https://i.imgur.com/29.jpg,t3_100297,who else remembers this ,Who else remembers this?,teenagers,2025-10-12 14:38:12
https://i.imgur.com/29.jpg,t3_100141,teacher  we will have a quiz,Teacher: we will have a quiz,funny,2025-10-18 13:01:26
https://i.imgur.com/29.jpg,t3_100028,caption this  ,Caption this ðŸ˜‚,memes,2025-10-28 19:59:50
https://i.imgur.com/3.jpg,t3_100158,caption this  ,Caption this ðŸ˜‚,teenagers,2025-10-02 19:10:09
https://i.imgur.com/3.jpg,t3_100001,expectation vs reality,Expectation vs reality,aww,2025-10-11 11:12:54
https://i.imgur.com/30.jpg,t3_100307,when u finally finish the assignment,When u finally finish the assignment,memes,2025-10-28 17:11:31
https://i.imgur.com/30.jpg,t3_100229,my starter pack for exams,My starter pack for exams,funny,2025-10-05 10:18:52
https://i.imgur.com/30.jpg,t3_100071,that moment when coffee kicks in,That moment when coffee kicks in,memes,2025-10-18 19:37:11
https://i.imgur.com/31.jpg,t3_100479,no one  absolutely no one ,No one: Absolutely no one:,aww,2025-10-06 04:18:28
https://i.imgur.com/31.jpg,t3_100388,no one  absolutely no one ,No one: Absolutely no one:,AdviceAnimals,2025-10-09 13:54:22
https://i.imgur.com/31.jpg,t3_100341,no one  absolutely no one   new caption ,No one: Absolutely no one: (new caption),aww,2025-10-27 05:59:08
https://i.imgur.com/32.jpg,t3_100068,who else remembers this ,Who else remembers this?,funny,2025-10-09 06:05:07
https://i.imgur.com/32.jpg,t3_100312,expectation vs reality  new caption ,Expectation vs reality (new caption),memes,2025-10-29 16:09:13
https://i.imgur.com/32.jpg,t3_100487,expectation vs reality,Expectation vs reality,pics,2025-10-30 13:03:41
https://i.imgur.com/33.jpg,t3_100309,no one  absolutely no one ,No one: Absolutely no one:,pics,2025-10-05 02:37:09
https://i.imgur.com/33.jpg,t3_100316,that moment when coffee kicks in,That moment when coffee kicks in,pics,2025-10-20 16:13:00
https://i.imgur.com/34.jpg,t3_100486,teacher  we will have a quiz,Teacher: we will have a quiz,aww,2025-10-24 10:38:08
https://i.imgur.com/34.jpg,t3_100184,expectation vs reality  ,Expectation vs reality ðŸ˜‚,pics,2025-10-24 15:26:59
https://i.imgur.com/34.jpg,t3_100162,pov  you open the oven       ,POV: You open the oven &... ðŸ˜‚,aww,2025-10-12 21:48:15
https://i.imgur.com/35.jpg,t3_100483,no one  absolutely no one ,No one: Absolutely no one:,AdviceAnimals,2025-10-04 23:11:10
https://i.imgur.com/35.jpg,t3_100380,teacher  we will have a quiz  new caption ,Teacher: we will have a quiz (new caption),pics,2025-10-20 20:32:57
https://i.imgur.com/38.jpg,t3_100329,this cat has better posture than me,This cat has better posture than me,memes,2025-10-04 20:58:05
https://i.imgur.com/38.jpg,t3_100371,this cat has better posture than me,This cat has better posture than me,aww,2025-10-05 23:16:37
https://i.imgur.com/38.jpg,t3_100047,caption this  new caption ,Caption this (new caption),teenagers,2025-10-01 23:14:30
https://i.imgur.com/38.jpg,t3_100421,pov  you open the oven and     ,POV: You open the oven and... ðŸ˜‚,pics,2025-10-26 01:39:09
https://i.imgur.com/38.jpg,t3_100469,when you finally finish the assignment,When you finally finish the assignment,memes,2025-10-17 20:34:19
https://i.imgur.com/38.jpg,t3_100239,pov  you open the oven and   ,POV: You open the oven and...,memes,2025-10-24 10:53:36
https://i.imgur.com/38.jpg,t3_100254,pov  you open the oven and   ,POV: You open the oven and...,aww,2025-10-23 19:53:00
https://i.imgur.com/40.jpg,t3_100002,who else remembers this ,Who else remembers this?,pics,2025-10-04 18:06:24
https://i.imgur.com/40.jpg,t3_100202,my starter pack for exams,My starter pack for exams,funny,2025-10-05 01:54:19
https://i.imgur.com/9.jpg,t3_100301,that moment when coffee kicks in,That moment when coffee kicks in,teenagers,2025-10-24 09:55:01
https://i.imgur.com/9.jpg,t3_100405,teacher  we will have a quiz,Teacher: we will have a quiz,funny,2025-10-01 05:51:06
https://i.imgur.com/9.jpg,t3_100025,this cat has better posture than me,This cat has better posture than me,funny,2025-10-21 02:48:32
https://i.redd.it/1.jpg,t3_100169,when you finally finish the assignment  new caption ,When you finally finish the assignment (new caption),pics,2025-10-08 20:15:52
https://i.redd.it/1.jpg,t3_100429,expectation vs reality  ,Expectation vs reality ðŸ˜‚,memes,2025-10-11 13:26:04
https://i.redd.it/10.jpg,t3_100445,caption this,Caption this,memes,2025-10-13 13:03:35
https://i.redd.it/10.jpg,t3_100349,my starter pack for exams,My starter pack for exams,pics,2025-10-22 17:23:15
https://i.redd.it/11.jpg,t3_100375,that moment when coffee kicks in  ,That moment when coffee kicks in ðŸ˜‚,aww,2025-10-04 02:12:10
https://i.redd.it/11.jpg,t3_100393,when you finally finish the assignment,When you finally finish the assignment,AdviceAnimals,2025-10-16 06:08:47
https://i.redd.it/12.jpg,t3_100003,pov  you open the oven and     new caption ,POV: You open the oven and... (new caption),teenagers,2025-10-29 20:58:33
https://i.redd.it/12.jpg,t3_100143,when you finally finish the assignment,When you finally finish the assignment,teenagers,2025-10-19 14:34:52
https://i.redd.it/12.jpg,t3_100451,this cat has better posture than me,This cat has better posture than me,pics,2025-10-18 09:27:16
https://i.redd.it/12.jpg,t3_100423,teacher  we will have a quiz,Teacher: we will have a quiz,AdviceAnimals,2025-10-21 08:44:34
https://i.redd.it/13.jpg,t3_100081,my starter pack for exams,My starter pack for exams,AdviceAnimals,2025-10-06 18:08:52
https://i.redd.it/13.jpg,t3_100105,this cat has better posture than me,This cat has better posture than me,memes,2025-10-30 03:31:12
https://i.redd.it/13.jpg,t3_100432,caption this  ,Caption this ðŸ˜‚,pics,2025-10-08 21:05:35
https://i.redd.it/13.jpg,t3_100471,my starter pack for exams  new caption ,My starter pack for exams (new caption),memes,2025-10-23 13:21:31
https://i.redd.it/14.jpg,t3_100219,no one  absolutely no one ,No one: Absolutely no one:,AdviceAnimals,2025-10-11 12:54:21
https://i.redd.it/14.jpg,t3_100248,caption this,Caption this,AdviceAnimals,2025-10-24 08:50:14
https://i.redd.it/14.jpg,t3_100474,when you finally finish the assignment  ,When you finally finish the assignment ðŸ˜‚,AdviceAnimals,2025-10-10 00:59:37
https://i.redd.it/15.jpg,t3_100137,who else remembers this ,Who else remembers this?,funny,2025-10-03 01:04:48
https://i.redd.it/15.jpg,t3_100269,that moment when coffee kicks in,That moment when coffee kicks in,funny,2025-10-30 10:38:57
https://i.redd.it/18.jpg,t3_100206,caption this,Caption this,teenagers,2025-09-30 18:11:57
https://i.redd.it/18.jpg,t3_100027,that moment when coffee kicks in    new caption ,That moment when coffee kicks in ðŸ˜‚ (new caption),aww,2025-10-06 21:43:28
https://i.redd.it/18.jpg,t3_100446,when you finally finish the assignment,When you finally finish the assignment,teenagers,2025-10-10 06:02:10
https://i.redd.it/18.jpg,t3_100221,who else remembers this ,Who else remembers this?,memes,2025-10-12 11:06:59
https://i.redd.it/18.jpg,t3_100461,expectation vs reality  ,Expectation vs reality ðŸ˜‚,memes,2025-10-14 07:28:28
https://i.redd.it/18.jpg,t3_100426,no one  absolutely no one ,No one: Absolutely no one:,pics,2025-10-16 16:28:18
https://i.redd.it/18.jpg,t3_100466,my starter pack for exams,My starter pack for exams,aww,2025-10-17 01:22:41
https://i.redd.it/19.jpg,t3_100147,no one  absolutely no one   ,No one: Absolutely no one: ðŸ˜‚,AdviceAnimals,2025-10-15 01:16:17
https://i.redd.it/19.jpg,t3_100130,teacher  we will have a quiz,Teacher: we will have a quiz,funny,2025-10-27 14:48:57
https://i.redd.it/19.jpg,t3_100314,this cat has better posture than me,This cat has better posture than me,pics,2025-10-28 20:12:18
https://i.redd.it/2.jpg,t3_100391,teacher  we will have a quiz  ,Teacher: we will have a quiz ðŸ˜‚,aww,2025-10-08 01:39:48
https://i.redd.it/2.jpg,t3_100464,expectation vs reality  ,Expectation vs reality ðŸ˜‚,teenagers,2025-10-21 11:15:15
https://i.redd.it/20.jpg,t3_100042,who else remembers this ,Who else remembers this?,teenagers,2025-10-12 11:40:01
https://i.redd.it/20.jpg,t3_100338,this cat has better posture than me,This cat has better posture than me,pics,2025-10-16 21:39:17
https://i.redd.it/21.jpg,t3_100005,my starter pack for exams,My starter pack for exams,memes,2025-10-01 20:37:44
https://i.redd.it/21.jpg,t3_100020,caption this,Caption this,funny,2025-10-13 19:20:58
https://i.redd.it/21.jpg,t3_100216,that moment when coffee kicks in,That moment when coffee kicks in,memes,2025-10-16 23:11:51
https://i.redd.it/22.jpg,t3_100193,teacher  we will have a quiz,Teacher: we will have a quiz,AdviceAnimals,2025-10-02 10:40:11
https://i.redd.it/22.jpg,t3_100291,who else remembers this   new caption ,Who else remembers this? (new caption),memes,2025-10-23 15:31:38
https://i.redd.it/22.jpg,t3_100247,caption this  ,Caption this ðŸ˜‚,funny,2025-10-26 02:31:52
https://i.redd.it/22.jpg,t3_100044,expectation vs reality,Expectation vs reality,teenagers,2025-10-30 12:28:10
https://i.redd.it/23.jpg,t3_100425,pov  you open the oven and   ,POV: You open the oven and...,aww,2025-10-11 17:10:37
https://i.redd.it/23.jpg,t3_100354,that moment when coffee kicks in  new caption ,That moment when coffee kicks in (new caption),teenagers,2025-10-24 15:39:40
https://i.redd.it/23.jpg,t3_100335,expectation vs reality,Expectation vs reality,teenagers,2025-10-15 21:26:16
https://i.redd.it/23.jpg,t3_100322,caption this  ,Caption this ðŸ˜‚,aww,2025-10-12 12:36:56
https://i.redd.it/23.jpg,t3_100172,this cat has better posture than me,This cat has better posture than me,aww,2025-10-18 04:57:38
https://i.redd.it/24.jpg,t3_100273,expectation vs reality,Expectation vs reality,AdviceAnimals,2025-10-11 23:27:58
https://i.redd.it/24.jpg,t3_100183,expectation vs reality  ,Expectation vs reality ðŸ˜‚,teenagers,2025-10-18 23:39:37
https://i.redd.it/25.jpg,t3_100302,this cat has better posture than me,This cat has better posture than me,aww,2025-10-12 08:31:12
https://i.redd.it/25.jpg,t3_100385,caption this,Caption this,aww,2025-10-12 17:14:36
https://i.redd.it/25.jpg,t3_100104,teacher  we will have a quiz,Teacher: we will have a quiz,pics,2025-10-19 03:04:26
https://i.redd.it/26.jpg,t3_100382,that moment when coffee kicks in,That moment when coffee kicks in,memes,2025-10-05 04:15:18
https://i.redd.it/26.jpg,t3_100482,this cat has better posture than me,This cat has better posture than me,pics,2025-10-11 01:56:20
https://i.redd.it/26.jpg,t3_100102,when you finally finish the assignment,When you finally finish the assignment,teenagers,2025-10-17 14:39:28
https://i.redd.it/26.jpg,t3_100080,caption this,Caption this,teenagers,2025-10-24 06:10:33
https://i.redd.it/27.jpg,t3_100277,who else remembers this ,Who else remembers this?,funny,2025-10-14 21:06:37
https://i.redd.it/27.jpg,t3_100317,this cat has better posture than me,This cat has better posture than me,memes,2025-10-22 06:22:20
https://i.redd.it/27.jpg,t3_100035,when you finally finish the assignment,When you finally finish the assignment,funny,2025-10-29 04:32:25
https://i.redd.it/28.jpg,t3_100266,this cat has better posture than me  ,This cat has better posture than me ðŸ˜‚,aww,2025-10-15 09:14:06
https://i.redd.it/28.jpg,t3_100339,teacher  we will have a quiz,Teacher: we will have a quiz,teenagers,2025-10-29 11:00:03
https://i.redd.it/29.jpg,t3_100244,who else remembers this ,Who else remembers this?,aww,2025-10-10 20:12:11
https://i.redd.it/29.jpg,t3_100031,who else remembers this ,Who else remembers this?,aww,2025-10-03 19:04:59
https://i.redd.it/29.jpg,t3_100144,who else remembers this ,Who else remembers this?,aww,2025-10-04 12:48:55
https://i.redd.it/29.jpg,t3_100404,expectation vs reality,Expectation vs reality,AdviceAnimals,2025-10-23 19:13:19
https://i.redd.it/29.jpg,t3_100228,expectation vs reality,Expectation vs reality,memes,2025-10-27 20:19:38
https://i.redd.it/3.jpg,t3_100334,this cat has better posture than me,This cat has better posture than me,AdviceAnimals,2025-10-13 17:21:08
https://i.redd.it/3.jpg,t3_100231,no one  absolutely no one     new caption ,No one: Absolutely no one: ðŸ˜‚ (new caption),aww,2025-10-28 20:32:38
https://i.redd.it/3.jpg,t3_100368,caption this,Caption this,memes,2025-10-29 23:43:59
https://i.redd.it/30.jpg,t3_100496,pov  you open the oven and   ,POV: You open the oven and...,AdviceAnimals,2025-10-18 05:23:47
https://i.redd.it/30.jpg,t3_100061,caption this,Caption this,aww,2025-10-26 22:54:37
https://i.redd.it/31.jpg,t3_100093,pov  you open the oven and   ,POV: You open the oven and...,memes,2025-10-11 15:57:05
https://i.redd.it/31.jpg,t3_100363,teacher  we will have a quiz,Teacher: we will have a quiz,pics,2025-10-17 01:08:53
https://i.redd.it/32.jpg,t3_100232,expectation vs reality,Expectation vs reality,funny,2025-10-01 23:42:16
https://i.redd.it/32.jpg,t3_100455,caption this,Caption this,aww,2025-10-15 03:00:03
https://i.redd.it/32.jpg,t3_100050,teacher  we will have a quiz  ,Teacher: we will have a quiz ðŸ˜‚,memes,2025-10-16 19:19:51
https://i.redd.it/33.jpg,t3_100328,expectation vs reality,Expectation vs reality,funny,2025-10-03 04:40:57
https://i.redd.it/33.jpg,t3_100214,my starter pack for exams,My starter pack for exams,AdviceAnimals,2025-10-29 10:13:39
https://i.redd.it/35.jpg,t3_100063,who else remembers this   ,Who else remembers this? ðŸ˜‚,memes,2025-10-05 10:32:37
https://i.redd.it/35.jpg,t3_100280,teacher  we will have a quiz,Teacher: we will have a quiz,memes,2025-10-16 05:09:15
https://i.redd.it/36.jpg,t3_100499,teacher  we will have a quiz,Teacher: we will have a quiz,AdviceAnimals,2025-10-06 02:14:21
https://i.redd.it/36.jpg,t3_100249,expectation vs reality,Expectation vs reality,memes,2025-10-15 23:02:50
https://i.redd.it/37.jpg,t3_100115,caption this,Caption this,memes,2025-10-02 01:04:51
https://i.redd.it/37.jpg,t3_100271,teacher  we will have a quiz,Teacher: we will have a quiz,memes,2025-10-10 16:38:57
https://i.redd.it/39.jpg,t3_100164,this cat has better posture than me  ,This cat has better posture than me ðŸ˜‚,pics,2025-10-03 16:53:33
https://i.redd.it/39.jpg,t3_100155,who else remembers this ,Who else remembers this?,AdviceAnimals,2025-10-04 14:17:56
https://i.redd.it/39.jpg,t3_100325,pov  you open the oven and   ,POV: You open the oven and...,teenagers,2025-10-13 02:03:44
https://i.redd.it/39.jpg,t3_100293,when u finally finish the assignment,When u finally finish the assignment,pics,2025-10-13 15:44:19
https://i.redd.it/39.jpg,t3_100485,no one  absolutely no one ,No one: Absolutely no one:,funny,2025-10-27 14:27:18
https://i.redd.it/4.jpg,t3_100013,pov  you open the oven and   ,POV: You open the oven and...,aww,2025-10-15 17:34:39
https://i.redd.it/4.jpg,t3_100267,this cat has better posture than me,This cat has better posture than me,pics,2025-10-29 18:21:36
https://i.redd.it/5.jpg,t3_100287,who else remembers this ,Who else remembers this?,pics,2025-10-26 14:35:06
https://i.redd.it/5.jpg,t3_100088,caption this  ,Caption this ðŸ˜‚,pics,2025-10-30 05:57:05
https://i.redd.it/6.jpg,t3_100300,teacher  we will have a quiz,Teacher: we will have a quiz,AdviceAnimals,2025-10-14 07:17:24
https://i.redd.it/6.jpg,t3_100417,this cat has better posture than me  new caption ,This cat has better posture than me (new caption),AdviceAnimals,2025-10-06 06:45:49
https://i.redd.it/6.jpg,t3_100256,pov  you open the oven and     new caption ,POV: You open the oven and... (new caption),funny,2025-10-03 12:22:32
https://i.redd.it/6.jpg,t3_100015,expectation vs reality  new caption ,Expectation vs reality (new caption),pics,2025-10-09 21:00:12
https://i.redd.it/6.jpg,t3_100306,when you finally finish the assignment,When you finally finish the assignment,memes,2025-10-19 08:01:49
https://i.redd.it/7.jpg,t3_100011,this cat has better posture than me  new caption ,This cat has better posture than me (new caption),AdviceAnimals,2025-10-12 13:47:39
https://i.redd.it/7.jpg,t3_100419,that moment when coffee kicks in,That moment when coffee kicks in,pics,2025-10-23 01:34:10
https://i.redd.it/7.jpg,t3_100397,no one  absolutely no one ,No one: Absolutely no one:,AdviceAnimals,2025-10-30 05:05:41
https://i.redd.it/7.jpg,t3_100298,expectation vs reality,Expectation vs reality,aww,2025-10-15 10:01:24
https://i.redd.it/8.jpg,t3_100427,my starter pack for exams,My starter pack for exams,teenagers,2025-10-12 14:50:28
https://i.redd.it/8.jpg,t3_100436,teacher  we will have a quiz,Teacher: we will have a quiz,teenagers,2025-10-15 11:17:29
https://i.redd.it/8.jpg,t3_100460,expectation vs reality,Expectation vs reality,pics,2025-10-24 01:15:56
https://i.redd.it/9.jpg,t3_100196,who else remembers this     new caption ,Who else remembers this? ðŸ˜‚ (new caption),AdviceAnimals,2025-10-15 20:20:18
https://i.redd.it/9.jpg,t3_100057,that moment when coffee kicks in,That moment when coffee kicks in,AdviceAnimals,2025-10-07 23:39:33
https://i.redd.it/9.jpg,t3_100490,no one  absolutely no one ,No one: Absolutely no one:,memes,2025-10-28 16:49:31
https://i.redd.it/9.jpg,t3_100278,caption this  ,Caption this ðŸ˜‚,pics,2025-10-10 02:24:37
https://i.redd.it/9.jpg,t3_100200,teacher  we will have a quiz,Teacher: we will have a quiz,AdviceAnimals,2025-10-27 00:07:00
https://i.redd.it/9.jpg,t3_100163,who else remembers this ,Who else remembers this?,funny,2025-10-19 07:00:25
https://i.reddituploads.com/12.jpg,t3_100468,when you finally finish the assignment  ,When you finally finish the assignment ðŸ˜‚,aww,2025-10-10 05:34:40
https://i.reddituploads.com/12.jpg,t3_100497,when you finally finish the assignment,When you finally finish the assignment,memes,2025-10-30 01:18:04
https://i.reddituploads.com/12.jpg,t3_100367,this cat has better posture than me  new caption ,This cat has better posture than me (new caption),teenagers,2025-10-06 01:24:40
https://i.reddituploads.com/13.jpg,t3_100262,my starter pack for exams,My starter pack for exams,aww,2025-10-20 08:04:07
https://i.reddituploads.com/13.jpg,t3_100160,expectation vs reality  ,Expectation vs reality ðŸ˜‚,AdviceAnimals,2025-10-26 12:02:44
https://i.reddituploads.com/13.jpg,t3_100123,this cat has better posture than me,This cat has better posture than me,funny,2025-10-23 01:00:16
https://i.reddituploads.com/13.jpg,t3_100074,that moment when coffee kicks in,That moment when coffee kicks in,aww,2025-10-16 23:09:52
https://i.reddituploads.com/13.jpg,t3_100416,pov  you open the oven and     ,POV: You open the oven and... ðŸ˜‚,pics,2025-10-21 17:52:46
https://i.reddituploads.com/15.jpg,t3_100237,pov  you open the oven     ,POV: You open the oven &...,funny,2025-10-01 04:35:18
https://i.reddituploads.com/15.jpg,t3_100055,my starter pack for exams,My starter pack for exams,AdviceAnimals,2025-10-05 23:22:17
https://i.reddituploads.com/15.jpg,t3_100438,expectation vs reality,Expectation vs reality,teenagers,2025-10-11 02:01:08
https://i.reddituploads.com/16.jpg,t3_100390,caption this,Caption this,pics,2025-10-05 00:24:32
https://i.reddituploads.com/16.jpg,t3_100041,when you finally finish the assignment,When you finally finish the assignment,pics,2025-10-26 13:06:22
https://i.reddituploads.com/16.jpg,t3_100197,my starter pack for exams  ,My starter pack for exams ðŸ˜‚,AdviceAnimals,2025-10-15 08:16:33
https://i.reddituploads.com/16.jpg,t3_100242,when you finally finish the assignment,When you finally finish the assignment,memes,2025-10-13 15:46:57
https://i.reddituploads.com/16.jpg,t3_100472,expectation vs reality,Expectation vs reality,pics,2025-10-15 08:21:17
https://i.reddituploads.com/19.jpg,t3_100394,caption this,Caption this,memes,2025-10-28 21:45:34
https://i.reddituploads.com/19.jpg,t3_100476,pov  you open the oven and     new caption ,POV: You open the oven and... (new caption),AdviceAnimals,2025-10-29 00:18:52
https://i.reddituploads.com/19.jpg,t3_100070,this cat has better posture than me  ,This cat has better posture than me ðŸ˜‚,pics,2025-10-14 01:38:45
https://i.reddituploads.com/20.jpg,t3_100038,pov  you open the oven and   ,POV: You open the oven and...,pics,2025-10-07 19:53:54
https://i.reddituploads.com/20.jpg,t3_100150,when you finally finish the assignment,When you finally finish the assignment,teenagers,2025-10-09 22:05:47
https://i.reddituploads.com/20.jpg,t3_100072,pov  you open the oven and       new caption ,POV: You open the oven and... ðŸ˜‚ (new caption),funny,2025-10-30 12:33:08
https://i.reddituploads.com/21.jpg,t3_100122,pov  you open the oven and   ,POV: You open the oven and...,memes,2025-10-08 23:01:42
https://i.reddituploads.com/21.jpg,t3_100167,that moment when coffee kicks in,That moment when coffee kicks in,memes,2025-10-04 17:25:46
https://i.reddituploads.com/21.jpg,t3_100401,my starter pack for exams,My starter pack for exams,pics,2025-10-26 18:31:43
https://i.reddituploads.com/21.jpg,t3_100333,caption this,Caption this,funny,2025-10-28 22:50:18
https://i.reddituploads.com/21.jpg,t3_100364,this cat has better posture than me  ,This cat has better posture than me ðŸ˜‚,teenagers,2025-10-08 09:07:54
https://i.reddituploads.com/24.jpg,t3_100121,when you finally finish the assignment,When you finally finish the assignment,memes,2025-10-07 18:43:26
https://i.reddituploads.com/24.jpg,t3_100258,that moment when coffee kicks in,That moment when coffee kicks in,funny,2025-10-17 05:28:36
https://i.reddituploads.com/24.jpg,t3_100040,my starter pack for exams,My starter pack for exams,pics,2025-10-27 02:42:48
https://i.reddituploads.com/24.jpg,t3_100046,teacher  we will have a quiz,Teacher: we will have a quiz,aww,2025-10-20 14:33:07
https://i.reddituploads.com/24.jpg,t3_100369,expectation vs reality    new caption ,Expectation vs reality ðŸ˜‚ (new caption),AdviceAnimals,2025-10-11 08:38:17
https://i.reddituploads.com/24.jpg,t3_100435,pov  you open the oven and   ,POV: You open the oven and...,pics,2025-10-17 13:57:26
https://i.reddituploads.com/25.jpg,t3_100252,teacher  we will have a quiz,Teacher: we will have a quiz,memes,2025-10-06 19:36:55
https://i.reddituploads.com/25.jpg,t3_100415,pov  you open the oven and   ,POV: You open the oven and...,aww,2025-10-07 07:03:41
https://i.reddituploads.com/25.jpg,t3_100406,no one  absolutely no one ,No one: Absolutely no one:,memes,2025-10-09 11:13:57
https://i.reddituploads.com/25.jpg,t3_100192,pov  you open the oven and   ,POV: You open the oven and...,teenagers,2025-10-22 19:41:59
https://i.reddituploads.com/26.jpg,t3_100409,who else remembers this ,Who else remembers this?,pics,2025-10-15 15:31:31
https://i.reddituploads.com/26.jpg,t3_100362,when you finally finish the assignment,When you finally finish the assignment,memes,2025-10-24 01:37:11
https://i.reddituploads.com/27.jpg,t3_100238,teacher  we will have a quiz,Teacher: we will have a quiz,memes,2025-10-24 11:43:17
https://i.reddituploads.com/27.jpg,t3_100127,when you finally finish the assignment,When you finally finish the assignment,aww,2025-10-25 03:42:57
https://i.reddituploads.com/28.jpg,t3_100008,that moment when coffee kicks in,That moment when coffee kicks in,funny,2025-10-14 07:22:39
https://i.reddituploads.com/28.jpg,t3_100439,pov  you open the oven     ,POV: You open the oven &...,AdviceAnimals,2025-10-24 07:12:53
https://i.reddituploads.com/29.jpg,t3_100065,teacher  we will have a quiz,Teacher: we will have a quiz,aww,2025-10-04 10:25:12
https://i.reddituploads.com/29.jpg,t3_100261,pov  you open the oven and       new caption ,POV: You open the oven and... ðŸ˜‚ (new caption),teenagers,2025-10-09 02:51:22
https://i.reddituploads.com/3.jpg,t3_100054,expectation vs reality,Expectation vs reality,pics,2025-10-18 01:20:23
https://i.reddituploads.com/3.jpg,t3_100408,this cat has better posture than me  ,This cat has better posture than me ðŸ˜‚,aww,2025-10-10 18:03:45
https://i.reddituploads.com/3.jpg,t3_100253,pov  you open the oven and   ,POV: You open the oven and...,funny,2025-10-10 08:49:00
https://i.reddituploads.com/3.jpg,t3_100294,this cat has better posture than me  new caption ,This cat has better posture than me (new caption),AdviceAnimals,2025-10-17 20:57:10
https://i.reddituploads.com/3.jpg,t3_100213,that moment when coffee kicks in,That moment when coffee kicks in,memes,2025-10-07 22:49:25
https://i.reddituploads.com/3.jpg,t3_100361,caption this,Caption this,funny,2025-10-20 20:58:06
https://i.reddituploads.com/3.jpg,t3_100209,pov  you open the oven and   ,POV: You open the oven and...,funny,2025-10-27 21:01:39
https://i.reddituploads.com/30.jpg,t3_100153,caption this,Caption this,memes,2025-10-26 17:41:26
https://i.reddituploads.com/30.jpg,t3_100133,caption this,Caption this,pics,2025-10-01 19:28:57
https://i.reddituploads.com/30.jpg,t3_100000,caption this  ,Caption this ðŸ˜‚,aww,2025-10-22 03:07:47
https://i.reddituploads.com/31.jpg,t3_100132,expectation vs reality  ,Expectation vs reality ðŸ˜‚,aww,2025-10-16 21:30:17
https://i.reddituploads.com/31.jpg,t3_100113,my starter pack for exams,My starter pack for exams,funny,2025-10-09 16:05:31
https://i.reddituploads.com/31.jpg,t3_100049,this cat has better posture than me,This cat has better posture than me,aww,2025-10-25 02:30:07
https://i.reddituploads.com/31.jpg,t3_100365,who else remembers this ,Who else remembers this?,funny,2025-10-03 04:23:50
https://i.reddituploads.com/32.jpg,t3_100179,expectation vs reality,Expectation vs reality,memes,2025-10-16 17:49:57
https://i.reddituploads.com/32.jpg,t3_100318,who else remembers this ,Who else remembers this?,memes,2025-10-13 11:17:46
https://i.reddituploads.com/32.jpg,t3_100441,my starter pack for exams,My starter pack for exams,AdviceAnimals,2025-10-22 00:24:38
https://i.reddituploads.com/32.jpg,t3_100310,no one  absolutely no one ,No one: Absolutely no one:,teenagers,2025-10-19 16:34:25
https://i.reddituploads.com/34.jpg,t3_100434,who else remembers this   ,Who else remembers this? ðŸ˜‚,funny,2025-10-12 10:06:29
https://i.reddituploads.com/34.jpg,t3_100082,who else remembers this   ,Who else remembers this? ðŸ˜‚,AdviceAnimals,2025-10-02 00:46:30
https://i.reddituploads.com/34.jpg,t3_100255,my starter pack for exams,My starter pack for exams,funny,2025-10-07 00:29:41
https://i.reddituploads.com/37.jpg,t3_100085,that moment when coffee kicks in,That moment when coffee kicks in,pics,2025-10-07 23:08:38
https://i.reddituploads.com/37.jpg,t3_100402,expectation vs reality,Expectation vs reality,aww,2025-10-29 19:24:34
https://i.reddituploads.com/39.jpg,t3_100096,no one  absolutely no one   ,No one: Absolutely no one: ðŸ˜‚,aww,2025-10-05 01:56:37
https://i.reddituploads.com/39.jpg,t3_100424,who else remembers this ,Who else remembers this?,pics,2025-10-20 10:33:40
https://i.reddituploads.com/4.jpg,t3_100480,when you finally finish the assignment,When you finally finish the assignment,AdviceAnimals,2025-10-05 23:23:57
https://i.reddituploads.com/4.jpg,t3_100274,that moment when coffee kicks in  ,That moment when coffee kicks in ðŸ˜‚,memes,2025-10-05 23:40:14
https://i.reddituploads.com/4.jpg,t3_100243,caption this,Caption this,teenagers,2025-10-15 09:48:21
https://i.reddituploads.com/4.jpg,t3_100400,teacher  we will have a quiz,Teacher: we will have a quiz,teenagers,2025-10-16 11:07:32
https://i.reddituploads.com/4.jpg,t3_100218,no one  absolutely no one ,No one: Absolutely no one:,AdviceAnimals,2025-10-19 04:57:51
https://i.reddituploads.com/4.jpg,t3_100481,expectation vs reality,Expectation vs reality,pics,2025-10-26 15:08:30
https://i.reddituploads.com/40.jpg,t3_100033,when you finally finish the assignment  ,When you finally finish the assignment ðŸ˜‚,memes,2025-10-21 05:51:36
https://i.reddituploads.com/40.jpg,t3_100422,who else remembers this ,Who else remembers this?,teenagers,2025-10-21 10:04:28
https://i.reddituploads.com/5.jpg,t3_100467,when you finally finish the assignment,When you finally finish the assignment,aww,2025-10-09 14:46:20
https://i.reddituploads.com/5.jpg,t3_100220,no one  absolutely no one   new caption ,No one: Absolutely no one: (new caption),aww,2025-10-13 05:26:12
https://i.reddituploads.com/5.jpg,t3_100110,my starter pack for exams,My starter pack for exams,funny,2025-10-18 08:55:10
https://i.reddituploads.com/5.jpg,t3_100069,expectation vs reality  ,Expectation vs reality ðŸ˜‚,teenagers,2025-10-11 17:29:21
https://i.reddituploads.com/6.jpg,t3_100449,pov  you open the oven and     ,POV: You open the oven and... ðŸ˜‚,AdviceAnimals,2025-10-23 10:00:38
https://i.reddituploads.com/6.jpg,t3_100087,that moment when coffee kicks in,That moment when coffee kicks in,pics,2025-10-05 16:32:37
https://i.reddituploads.com/6.jpg,t3_100212,teacher  we will have a quiz,Teacher: we will have a quiz,teenagers,2025-10-19 23:27:29
https://i.reddituploads.com/6.jpg,t3_100319,who else remembers this ,Who else remembers this?,pics,2025-10-24 10:22:04
https://i.reddituploads.com/6.jpg,t3_100493,when you finally finish the assignment,When you finally finish the assignment,pics,2025-10-03 04:17:15
https://i.reddituploads.com/6.jpg,t3_100018,pov  you open the oven and     ,POV: You open the oven and... ðŸ˜‚,funny,2025-10-22 10:16:27
https://i.reddituploads.com/6.jpg,t3_100078,no one  absolutely no one ,No one: Absolutely no one:,memes,2025-10-11 07:51:28
https://i.reddituploads.com/7.jpg,t3_100491,pov  you open the oven and   ,POV: You open the oven and...,memes,2025-10-04 13:51:47
https://i.reddituploads.com/7.jpg,t3_100224,who else remembers this ,Who else remembers this?,AdviceAnimals,2025-10-08 01:24:59
https://i.reddituploads.com/7.jpg,t3_100089,teacher  we will have a quiz,Teacher: we will have a quiz,funny,2025-10-18 13:28:57
https://i.reddituploads.com/9.jpg,t3_100077,my starter pack for exams  ,My starter pack for exams ðŸ˜‚,pics,2025-10-18 16:48:44
https://i.reddituploads.com/9.jpg,t3_100154,this cat has better posture than me,This cat has better posture than me,AdviceAnimals,2025-10-25 18:21:23
https://imgflip.com/i/1,t3_100372,expectation vs reality,Expectation vs reality,memes,2025-10-15 15:37:35
https://imgflip.com/i/1,t3_100299,this cat has better posture than me,This cat has better posture than me,teenagers,2025-10-19 06:22:28
https://imgflip.com/i/10,t3_100066,this cat has better posture than me,This cat has better posture than me,teenagers,2025-10-04 14:08:04
https://imgflip.com/i/10,t3_100007,who else remembers this   ,Who else remembers this? ðŸ˜‚,aww,2025-10-08 12:01:13
https://imgflip.com/i/10,t3_100447,this cat has better posture than me,This cat has better posture than me,funny,2025-10-21 13:28:49
https://imgflip.com/i/11,t3_100303,teacher  we will have a quiz,Teacher: we will have a quiz,memes,2025-10-25 21:20:53
https://imgflip.com/i/11,t3_100161,pov  you open the oven and     new caption ,POV: You open the oven and... (new caption),funny,2025-10-07 14:41:33
https://imgflip.com/i/11,t3_100205,expectation vs reality,Expectation vs reality,pics,2025-10-27 14:10:45
https://imgflip.com/i/11,t3_100208,expectation vs reality,Expectation vs reality,pics,2025-10-26 08:44:14
https://imgflip.com/i/12,t3_100326,pov  you open the oven     ,POV: You open the oven &...,funny,2025-10-08 02:08:14
https://imgflip.com/i/12,t3_100211,pov  you open the oven and   ,POV: You open the oven and...,memes,2025-10-14 02:31:32
https://imgflip.com/i/13,t3_100420,expectation vs reality  new caption ,Expectation vs reality (new caption),AdviceAnimals,2025-10-23 14:18:12
https://imgflip.com/i/13,t3_100459,no one  absolutely no one ,No one: Absolutely no one:,memes,2025-10-18 22:54:57
https://imgflip.com/i/13,t3_100373,when you finally finish the assignment  ,When you finally finish the assignment ðŸ˜‚,pics,2025-10-11 18:26:55
https://imgflip.com/i/13,t3_100407,my starter pack for exams,My starter pack for exams,pics,2025-10-20 14:34:44
https://imgflip.com/i/13,t3_100138,no one  absolutely no one ,No one: Absolutely no one:,teenagers,2025-10-04 16:07:59
https://imgflip.com/i/17,t3_100452,pov  you open the oven     ,POV: You open the oven &...,teenagers,2025-10-07 01:04:15
https://imgflip.com/i/17,t3_100119,this cat has better posture than me,This cat has better posture than me,pics,2025-10-09 20:55:03
https://imgflip.com/i/17,t3_100114,caption this,Caption this,aww,2025-10-11 20:04:21
https://imgflip.com/i/18,t3_100106,pov  you open the oven and     new caption ,POV: You open the oven and... (new caption),pics,2025-10-08 06:56:24
https://imgflip.com/i/18,t3_100059,no one  absolutely no one ,No one: Absolutely no one:,funny,2025-10-23 08:26:38
https://imgflip.com/i/19,t3_100489,this cat has better posture than me  new caption ,This cat has better posture than me (new caption),funny,2025-10-07 09:39:13
https://imgflip.com/i/19,t3_100051,this cat has better posture than me,This cat has better posture than me,aww,2025-10-19 00:36:54
https://imgflip.com/i/2,t3_100009,caption this,Caption this,memes,2025-10-17 20:24:56
https://imgflip.com/i/2,t3_100315,teacher  we will have a quiz,Teacher: we will have a quiz,funny,2025-10-22 20:29:07
https://imgflip.com/i/2,t3_100457,teacher  we will have a quiz,Teacher: we will have a quiz,AdviceAnimals,2025-10-09 10:56:37
https://imgflip.com/i/2,t3_100227,teacher  we will have a quiz,Teacher: we will have a quiz,AdviceAnimals,2025-10-04 10:12:47
https://imgflip.com/i/2,t3_100412,caption this,Caption this,aww,2025-10-16 10:18:11
https://imgflip.com/i/2,t3_100176,when u finally finish the assignment  ,When u finally finish the assignment ðŸ˜‚,AdviceAnimals,2025-10-15 15:39:52
https://imgflip.com/i/20,t3_100288,that moment when coffee kicks in  ,That moment when coffee kicks in ðŸ˜‚,teenagers,2025-10-03 11:01:43
https://imgflip.com/i/20,t3_100240,my starter pack for exams,My starter pack for exams,aww,2025-10-14 00:02:13
https://imgflip.com/i/21,t3_100186,caption this  ,Caption this ðŸ˜‚,pics,2025-10-14 22:31:34
https://imgflip.com/i/21,t3_100323,this cat has better posture than me,This cat has better posture than me,memes,2025-10-21 19:02:20
https://imgflip.com/i/22,t3_100101,caption this,Caption this,teenagers,2025-10-10 10:58:18
https://imgflip.com/i/22,t3_100295,my starter pack for exams  ,My starter pack for exams ðŸ˜‚,memes,2025-10-21 00:01:41
https://imgflip.com/i/23,t3_100048,no one  absolutely no one ,No one: Absolutely no one:,funny,2025-10-08 08:46:37
https://imgflip.com/i/23,t3_100477,this cat has better posture than me,This cat has better posture than me,aww,2025-10-26 21:14:49
https://imgflip.com/i/26,t3_100403,my starter pack for exams,My starter pack for exams,AdviceAnimals,2025-10-17 16:01:22
https://imgflip.com/i/26,t3_100292,my starter pack for exams,My starter pack for exams,funny,2025-10-21 18:54:12
https://imgflip.com/i/26,t3_100168,expectation vs reality  ,Expectation vs reality ðŸ˜‚,funny,2025-10-28 06:43:58
https://imgflip.com/i/28,t3_100185,no one  absolutely no one ,No one: Absolutely no one:,aww,2025-10-06 14:25:22
https://imgflip.com/i/28,t3_100030,caption this  ,Caption this ðŸ˜‚,funny,2025-10-04 17:46:19
https://imgflip.com/i/28,t3_100103,no one  absolutely no one ,No one: Absolutely no one:,funny,2025-10-05 08:06:00
https://imgflip.com/i/3,t3_100223,this cat has better posture than me,This cat has better posture than me,aww,2025-10-07 04:53:12
https://imgflip.com/i/3,t3_100086,who else remembers this ,Who else remembers this?,pics,2025-10-27 21:27:19
https://imgflip.com/i/31,t3_100352,expectation vs reality  ,Expectation vs reality ðŸ˜‚,memes,2025-10-06 13:25:03
https://imgflip.com/i/31,t3_100006,expectation vs reality,Expectation vs reality,funny,2025-10-29 20:51:58
https://imgflip.com/i/33,t3_100022,pov  you open the oven and   ,POV: You open the oven and...,aww,2025-10-12 08:34:33
https://imgflip.com/i/33,t3_100026,pov  you open the oven and     ,POV: You open the oven and... ðŸ˜‚,AdviceAnimals,2025-10-23 12:47:31
https://imgflip.com/i/33,t3_100398,who else remembers this ,Who else remembers this?,pics,2025-10-12 11:37:24
https://imgflip.com/i/33,t3_100413,my starter pack for exams,My starter pack for exams,memes,2025-10-19 23:37:50
https://imgflip.com/i/33,t3_100453,this cat has better posture than me,This cat has better posture than me,pics,2025-10-09 02:17:06
https://imgflip.com/i/33,t3_100092,who else remembers this ,Who else remembers this?,funny,2025-10-27 14:31:44
https://imgflip.com/i/34,t3_100037,my starter pack for exams,My starter pack for exams,funny,2025-10-12 21:58:34
https://imgflip.com/i/34,t3_100331,teacher  we will have a quiz,Teacher: we will have a quiz,memes,2025-10-25 23:31:46
https://imgflip.com/i/34,t3_100215,this cat has better posture than me,This cat has better posture than me,pics,2025-10-01 09:58:17
https://imgflip.com/i/34,t3_100285,when you finally finish the assignment,When you finally finish the assignment,memes,2025-10-22 13:32:31
https://imgflip.com/i/34,t3_100174,that moment when coffee kicks in,That moment when coffee kicks in,teenagers,2025-10-24 21:42:36
https://imgflip.com/i/34,t3_100344,expectation vs reality,Expectation vs reality,AdviceAnimals,2025-10-16 03:43:21
https://imgflip.com/i/34,t3_100124,my starter pack for exams,My starter pack for exams,memes,2025-10-17 12:50:24
https://imgflip.com/i/35,t3_100140,expectation vs reality,Expectation vs reality,memes,2025-10-22 23:07:46
https://imgflip.com/i/35,t3_100107,expectation vs reality  ,Expectation vs reality ðŸ˜‚,funny,2025-10-24 12:33:54
https://imgflip.com/i/35,t3_100342,no one  absolutely no one   ,No one: Absolutely no one: ðŸ˜‚,funny,2025-10-15 19:42:40
https://imgflip.com/i/35,t3_100225,my starter pack for exams,My starter pack for exams,memes,2025-10-05 12:22:51
https://imgflip.com/i/35,t3_100217,expectation vs reality  ,Expectation vs reality ðŸ˜‚,aww,2025-10-23 19:53:24
https://imgflip.com/i/36,t3_100189,no one  absolutely no one ,No one: Absolutely no one:,memes,2025-10-16 06:44:40
https://imgflip.com/i/36,t3_100348,teacher  we will have a quiz,Teacher: we will have a quiz,AdviceAnimals,2025-10-28 00:23:08
https://imgflip.com/i/39,t3_100171,my starter pack for exams,My starter pack for exams,teenagers,2025-10-22 23:45:11
https://imgflip.com/i/39,t3_100236,my starter pack for exams  ,My starter pack for exams ðŸ˜‚,aww,2025-10-14 04:21:58
https://imgflip.com/i/39,t3_100276,my starter pack for exams,My starter pack for exams,funny,2025-10-12 01:27:28
https://imgflip.com/i/39,t3_100075,pov  you open the oven and   ,POV: You open the oven and...,funny,2025-10-21 10:59:16
https://imgflip.com/i/4,t3_100094,this cat has better posture than me,This cat has better posture than me,memes,2025-10-11 14:57:12
https://imgflip.com/i/4,t3_100012,teacher  we will have a quiz,Teacher: we will have a quiz,AdviceAnimals,2025-10-24 03:11:17
https://imgflip.com/i/40,t3_100159,my starter pack for exams,My starter pack for exams,AdviceAnimals,2025-10-04 10:59:25
https://imgflip.com/i/40,t3_100188,expectation vs reality,Expectation vs reality,funny,2025-10-02 22:02:15
https://imgflip.com/i/40,t3_100414,who else remembers this   ,Who else remembers this? ðŸ˜‚,AdviceAnimals,2025-10-22 01:44:38
https://imgflip.com/i/40,t3_100337,teacher  we will have a quiz,Teacher: we will have a quiz,AdviceAnimals,2025-10-19 21:14:49
https://imgflip.com/i/5,t3_100152,that moment when coffee kicks in  new caption ,That moment when coffee kicks in (new caption),funny,2025-10-11 16:26:00
https://imgflip.com/i/5,t3_100246,my starter pack for exams,My starter pack for exams,memes,2025-10-18 03:48:01
https://imgflip.com/i/5,t3_100448,who else remembers this   ,Who else remembers this? ðŸ˜‚,teenagers,2025-10-26 10:55:00
https://imgflip.com/i/6,t3_100283,pov  you open the oven and     ,POV: You open the oven and... ðŸ˜‚,memes,2025-10-05 21:21:52
https://imgflip.com/i/6,t3_100433,when you finally finish the assignment  new caption ,When you finally finish the assignment (new caption),pics,2025-10-23 09:08:36
https://imgflip.com/i/7,t3_100399,caption this,Caption this,AdviceAnimals,2025-10-17 13:13:51
https://imgflip.com/i/7,t3_100032,caption this,Caption this,funny,2025-10-18 15:55:55
https://imgflip.com/i/7,t3_100250,when you finally finish the assignment,When you finally finish the assignment,pics,2025-10-17 07:39:50
https://imgflip.com/i/8,t3_100321,expectation vs reality  ,Expectation vs reality ðŸ˜‚,aww,2025-10-10 01:00:32
https://imgflip.com/i/8,t3_100139,no one  absolutely no one ,No one: Absolutely no one:,aww,2025-10-20 12:49:27
https://imgflip.com/i/8,t3_100151,who else remembers this ,Who else remembers this?,aww,2025-10-27 09:02:23
https://tenor.com/1.jpg,t3_100444,my starter pack for exams,My starter pack for exams,AdviceAnimals,2025-10-10 23:42:00
https://tenor.com/1.jpg,t3_100345,when you finally finish the assignment  ,When you finally finish the assignment ðŸ˜‚,aww,2025-10-27 17:23:53
https://tenor.com/10.jpg,t3_100230,who else remembers this   new caption ,Who else remembers this? (new caption),teenagers,2025-10-06 00:09:30
https://tenor.com/10.jpg,t3_100073,who else remembers this ,Who else remembers this?,AdviceAnimals,2025-10-18 18:15:29
https://tenor.com/13.jpg,t3_100282,no one  absolutely no one   new caption ,No one: Absolutely no one: (new caption),teenagers,2025-10-23 07:55:14
https://tenor.com/13.jpg,t3_100125,no one  absolutely no one   ,No one: Absolutely no one: ðŸ˜‚,memes,2025-10-02 06:28:12
https://tenor.com/13.jpg,t3_100346,expectation vs reality,Expectation vs reality,teenagers,2025-10-19 23:19:01
https://tenor.com/14.jpg,t3_100190,who else remembers this ,Who else remembers this?,AdviceAnimals,2025-10-27 01:42:12
https://tenor.com/14.jpg,t3_100463,who else remembers this ,Who else remembers this?,memes,2025-10-24 03:29:19
https://tenor.com/14.jpg,t3_100166,no one  absolutely no one ,No one: Absolutely no one:,teenagers,2025-10-19 00:28:10
https://tenor.com/14.jpg,t3_100142,this cat has better posture than me,This cat has better posture than me,pics,2025-10-11 20:28:15
https://tenor.com/16.jpg,t3_100029,caption this,Caption this,aww,2025-10-17 23:21:03
https://tenor.com/16.jpg,t3_100146,teacher  we will have a quiz,Teacher: we will have a quiz,pics,2025-10-23 06:45:05
https://tenor.com/16.jpg,t3_100194,expectation vs reality,Expectation vs reality,AdviceAnimals,2025-10-26 01:32:46
https://tenor.com/16.jpg,t3_100465,expectation vs reality,Expectation vs reality,AdviceAnimals,2025-10-26 19:21:41
https://tenor.com/19.jpg,t3_100210,this cat has better posture than me,This cat has better posture than me,AdviceAnimals,2025-10-10 02:45:24
https://tenor.com/19.jpg,t3_100097,teacher  we will have a quiz,Teacher: we will have a quiz,aww,2025-10-17 18:52:47
https://tenor.com/19.jpg,t3_100411,this cat has better posture than me,This cat has better posture than me,aww,2025-10-28 20:54:24
https://tenor.com/2.jpg,t3_100056,caption this,Caption this,pics,2025-10-06 22:25:33
https://tenor.com/2.jpg,t3_100064,that moment when coffee kicks in  ,That moment when coffee kicks in ðŸ˜‚,AdviceAnimals,2025-10-28 11:54:37
https://tenor.com/2.jpg,t3_100099,teacher  we will have a quiz  ,Teacher: we will have a quiz ðŸ˜‚,memes,2025-10-29 22:17:53
https://tenor.com/23.jpg,t3_100053,who else remembers this ,Who else remembers this?,teenagers,2025-10-25 22:22:05
https://tenor.com/23.jpg,t3_100296,this cat has better posture than me,This cat has better posture than me,memes,2025-10-21 05:58:01
https://tenor.com/23.jpg,t3_100235,that moment when coffee kicks in,That moment when coffee kicks in,funny,2025-10-10 00:50:33
https://tenor.com/23.jpg,t3_100356,no one  absolutely no one ,No one: Absolutely no one:,AdviceAnimals,2025-10-08 22:00:02
https://tenor.com/24.jpg,t3_100324,this cat has better posture than me,This cat has better posture than me,aww,2025-10-09 05:28:43
https://tenor.com/24.jpg,t3_100204,caption this,Caption this,pics,2025-10-12 17:57:32
https://tenor.com/25.jpg,t3_100175,my starter pack for exams,My starter pack for exams,funny,2025-10-13 06:26:29
https://tenor.com/25.jpg,t3_100443,who else remembers this ,Who else remembers this?,aww,2025-10-13 07:52:27
https://tenor.com/25.jpg,t3_100305,caption this,Caption this,aww,2025-10-29 03:45:28
https://tenor.com/26.jpg,t3_100245,caption this,Caption this,teenagers,2025-10-13 00:26:57
https://tenor.com/26.jpg,t3_100454,no one  absolutely no one ,No one: Absolutely no one:,pics,2025-10-18 17:18:24
https://tenor.com/26.jpg,t3_100442,caption this,Caption this,pics,2025-10-17 02:05:09
https://tenor.com/26.jpg,t3_100251,my starter pack for exams  ,My starter pack for exams ðŸ˜‚,pics,2025-10-19 17:21:14
https://tenor.com/26.jpg,t3_100067,when you finally finish the assignment,When you finally finish the assignment,memes,2025-10-11 18:37:09
https://tenor.com/26.jpg,t3_100108,when you finally finish the assignment,When you finally finish the assignment,AdviceAnimals,2025-10-14 17:26:11
https://tenor.com/26.jpg,t3_100198,who else remembers this ,Who else remembers this?,aww,2025-10-21 11:23:40
https://tenor.com/29.jpg,t3_100268,no one  absolutely no one ,No one: Absolutely no one:,funny,2025-10-09 16:18:03
https://tenor.com/29.jpg,t3_100117,expectation vs reality,Expectation vs reality,teenagers,2025-10-02 02:37:12
https://tenor.com/29.jpg,t3_100118,when u finally finish the assignment,When u finally finish the assignment,aww,2025-10-02 17:10:58
https://tenor.com/29.jpg,t3_100484,that moment when coffee kicks in,That moment when coffee kicks in,pics,2025-10-10 04:21:32
https://tenor.com/29.jpg,t3_100366,who else remembers this ,Who else remembers this?,funny,2025-10-14 22:40:31
https://tenor.com/30.jpg,t3_100111,caption this,Caption this,teenagers,2025-10-09 22:41:04
https://tenor.com/30.jpg,t3_100241,my starter pack for exams,My starter pack for exams,teenagers,2025-10-28 06:54:26
https://tenor.com/33.jpg,t3_100170,no one  absolutely no one     new caption ,No one: Absolutely no one: ðŸ˜‚ (new caption),AdviceAnimals,2025-10-22 16:36:53
https://tenor.com/33.jpg,t3_100257,expectation vs reality    new caption ,Expectation vs reality ðŸ˜‚ (new caption),memes,2025-10-24 23:59:46
https://tenor.com/33.jpg,t3_100052,no one  absolutely no one ,No one: Absolutely no one:,funny,2025-10-02 03:32:26
https://tenor.com/33.jpg,t3_100191,expectation vs reality,Expectation vs reality,pics,2025-10-08 13:20:26
https://tenor.com/33.jpg,t3_100126,expectation vs reality,Expectation vs reality,pics,2025-10-19 22:26:19
https://tenor.com/33.jpg,t3_100353,no one  absolutely no one ,No one: Absolutely no one:,funny,2025-10-20 18:23:20
https://tenor.com/33.jpg,t3_100330,no one  absolutely no one   ,No one: Absolutely no one: ðŸ˜‚,memes,2025-10-29 19:55:52
https://tenor.com/34.jpg,t3_100383,no one  absolutely no one ,No one: Absolutely no one:,memes,2025-10-22 19:56:30
https://tenor.com/34.jpg,t3_100076,who else remembers this ,Who else remembers this?,teenagers,2025-10-29 00:33:44
https://tenor.com/34.jpg,t3_100336,pov  you open the oven and   ,POV: You open the oven and...,funny,2025-10-11 17:32:32
https://tenor.com/34.jpg,t3_100098,expectation vs reality,Expectation vs reality,memes,2025-10-21 07:36:31
https://tenor.com/35.jpg,t3_100222,expectation vs reality,Expectation vs reality,aww,2025-10-25 12:40:09
https://tenor.com/35.jpg,t3_100129,pov  you open the oven and     ,POV: You open the oven and... ðŸ˜‚,teenagers,2025-10-02 04:00:04
https://tenor.com/35.jpg,t3_100392,when you finally finish the assignment,When you finally finish the assignment,memes,2025-10-07 10:35:01
https://tenor.com/36.jpg,t3_100165,teacher  we will have a quiz  ,Teacher: we will have a quiz ðŸ˜‚,memes,2025-10-09 23:49:22
https://tenor.com/36.jpg,t3_100357,no one  absolutely no one ,No one: Absolutely no one:,memes,2025-10-13 13:24:50
https://tenor.com/36.jpg,t3_100355,expectation vs reality,Expectation vs reality,pics,2025-10-26 22:08:14
https://tenor.com/37.jpg,t3_100100,no one  absolutely no one ,No one: Absolutely no one:,pics,2025-10-08 22:11:27
https://tenor.com/37.jpg,t3_100279,no one  absolutely no one   ,No one: Absolutely no one: ðŸ˜‚,teenagers,2025-10-16 23:27:47
https://tenor.com/38.jpg,t3_100462,that moment when coffee kicks in,That moment when coffee kicks in,aww,2025-10-10 06:42:41
https://tenor.com/38.jpg,t3_100304,this cat has better posture than me,This cat has better posture than me,memes,2025-10-25 03:59:21
https://tenor.com/39.jpg,t3_100418,that moment when coffee kicks in,That moment when coffee kicks in,aww,2025-10-29 12:59:39
https://tenor.com/39.jpg,t3_100226,caption this,Caption this,funny,2025-10-14 11:09:51
https://tenor.com/39.jpg,t3_100374,when you finally finish the assignment,When you finally finish the assignment,funny,2025-10-26 11:03:00
https://tenor.com/40.jpg,t3_100004,who else remembers this ,Who else remembers this?,teenagers,2025-10-14 10:46:58
https://tenor.com/40.jpg,t3_100148,pov  you open the oven and   ,POV: You open the oven and...,memes,2025-10-21 10:14:20
https://tenor.com/5.jpg,t3_100384,expectation vs reality  ,Expectation vs reality ðŸ˜‚,memes,2025-10-10 14:43:25
https://tenor.com/5.jpg,t3_100389,who else remembers this   ,Who else remembers this? ðŸ˜‚,aww,2025-10-16 21:38:07
https://tenor.com/6.jpg,t3_100494,no one  absolutely no one ,No one: Absolutely no one:,AdviceAnimals,2025-10-27 17:44:36
https://tenor.com/6.jpg,t3_100201,who else remembers this   new caption ,Who else remembers this? (new caption),teenagers,2025-10-28 03:09:34
https://tenor.com/6.jpg,t3_100017,that moment when coffee kicks in,That moment when coffee kicks in,AdviceAnimals,2025-10-24 20:09:26
https://tenor.com/7.jpg,t3_100058,when you finally finish the assignment,When you finally finish the assignment,funny,2025-10-03 13:46:57
https://tenor.com/7.jpg,t3_100034,expectation vs reality,Expectation vs reality,AdviceAnimals,2025-10-16 04:15:30
https://tenor.com/9.jpg,t3_100350,expectation vs reality,Expectation vs reality,aww,2025-10-08 06:40:35
https://tenor.com/9.jpg,t3_100440,no one  absolutely no one ,No one: Absolutely no one:,funny,2025-10-14 18:38:44
https://tenor.com/9.jpg,t3_100173,when u finally finish the assignment,When u finally finish the assignment,aww,2025-10-23 00:45:27
https://tenor.com/9.jpg,t3_100112,that moment when coffee kicks in,That moment when coffee kicks in,teenagers,2025-10-28 08:51:53
